brewery_id,brewery_name,review_time,review_overall,review_aroma,review_appearance,review_profilename,beer_style,review_palate,review_taste,beer_name,beer_abv,beer_beerid
10325,Vecchio Birraio,1234817823,1.5,2,2.5,stcules,Hefeweizen,1.5,1.5,Sausa Weizen,5,47986
10325,Vecchio Birraio,1235915097,3,2.5,3,stcules,English Strong Ale,3,3,Red Moon,6.2,48213
10325,Vecchio Birraio,1235916604,3,2.5,3,stcules,Foreign / Export Stout,3,3,Black Horse Black Beer,6.5,48215
10325,Vecchio Birraio,1234725145,3,3,3.5,stcules,German Pilsener,2.5,3,Sausa Pils,5,47969
1075,Caldera Brewing Company,1293735206,4,4.5,4,johnmichaelsen,American Double / Imperial IPA,4,4.5,Cauldron DIPA,7.7,64883
1075,Caldera Brewing Company,1325524659,3,3.5,3.5,oline73,Herbed / Spiced Beer,3,3.5,Caldera Ginger Beer,4.7,52159
1075,Caldera Brewing Company,1318991115,3.5,3.5,3.5,Reidrover,Herbed / Spiced Beer,4,4,Caldera Ginger Beer,4.7,52159
1075,Caldera Brewing Company,1306276018,3,2.5,3.5,alpinebryant,Herbed / Spiced Beer,2,3.5,Caldera Ginger Beer,4.7,52159
1075,Caldera Brewing Company,1290454503,4,3,3.5,LordAdmNelson,Herbed / Spiced Beer,3.5,4,Caldera Ginger Beer,4.7,52159
1075,Caldera Brewing Company,1285632924,4.5,3.5,5,augustgarage,Herbed / Spiced Beer,4,4,Caldera Ginger Beer,4.7,52159
163,Amstel Brouwerij B. V.,1010963392,3,2,3,fodeeoz,Light Lager,2.5,2.5,Amstel Light,3.5,436
1075,Caldera Brewing Company,1283154365,5,5,4,MadeInOregon,Herbed / Spiced Beer,4,4,Caldera Ginger Beer,4.7,52159
1075,Caldera Brewing Company,1277557990,4,4,4,rawthar,Herbed / Spiced Beer,3.5,4,Caldera Ginger Beer,4.7,52159
1075,Caldera Brewing Company,1275779250,4,4.5,3,Halcyondays,Herbed / Spiced Beer,2.5,3,Caldera Ginger Beer,4.7,52159
1075,Caldera Brewing Company,1273109020,3.5,4,3,RangerClegg,Herbed / Spiced Beer,3,4,Caldera Ginger Beer,4.7,52159
1075,Caldera Brewing Company,1316025612,3,3,2.5,Beerandraiderfan,Oatmeal Stout,3,3,Caldera Oatmeal Stout,7.2,10789
1075,Caldera Brewing Company,1103502339,2,1.5,2.5,RedDiamond,Oatmeal Stout,2.5,2,Caldera Oatmeal Stout,7.2,10789
1075,Caldera Brewing Company,1062311123,4,3,4,beerguy101,American Pale Lager,4,4,Caldera OBF 15,5.6,12386
163,Amstel Brouwerij B. V.,1010861086,2.5,3,3,jdhilt,Light Lager,2,2,Amstel Light,3.5,436
1075,Caldera Brewing Company,1325478004,4.5,4.5,3,UCLABrewN84,Rauchbier,4,4.5,Rauch Ür Bock,7.4,58046
1075,Caldera Brewing Company,1325360812,4,4,4,zaphodchak,Rauchbier,3,4,Rauch Ür Bock,7.4,58046
1075,Caldera Brewing Company,1322506304,4,4.5,4,Tilley4,Rauchbier,3.5,4,Rauch Ür Bock,7.4,58046
1075,Caldera Brewing Company,1320494397,4.5,5,4.5,mikedrinksbeer2,Rauchbier,4,4.5,Rauch Ür Bock,7.4,58046
1075,Caldera Brewing Company,1320140421,4,4.5,4,dbmernin83,Rauchbier,4,4.5,Rauch Ür Bock,7.4,58046
1075,Caldera Brewing Company,1319847514,4.5,4.5,4,titosupertramp,Rauchbier,4,4.5,Rauch Ür Bock,7.4,58046
1075,Caldera Brewing Company,1318802642,5,5,3.5,optimator13,Rauchbier,3.5,5,Rauch Ür Bock,7.4,58046
1075,Caldera Brewing Company,1318290101,4.5,4.5,4,Blakaeris,Rauchbier,4,4.5,Rauch Ür Bock,7.4,58046
1075,Caldera Brewing Company,1318289482,4.5,5,4,bashiba,Rauchbier,4,4,Rauch Ür Bock,7.4,58046
1075,Caldera Brewing Company,1316405909,4.5,4.5,3.5,Klym,Rauchbier,4,4.5,Rauch Ür Bock,7.4,58046
1075,Caldera Brewing Company,1315696563,4.5,4.5,4,flexabull,Rauchbier,4,4,Rauch Ür Bock,7.4,58046
163,Amstel Brouwerij B. V.,1002109880,3,2,2,xXTequila,Light Lager,2,3,Amstel Light,3.5,436
1075,Caldera Brewing Company,1315014054,5,4.5,4,Bung,Rauchbier,4,5,Rauch Ür Bock,7.4,58046
1075,Caldera Brewing Company,1314752229,4,4,4.5,oberon,Rauchbier,4,4,Rauch Ür Bock,7.4,58046
1075,Caldera Brewing Company,1312403394,4.5,4.5,4,t420o,Rauchbier,4,4,Rauch Ür Bock,7.4,58046
1075,Caldera Brewing Company,1312162337,4,4,4,DarthKostrizer,Rauchbier,4,4,Rauch Ür Bock,7.4,58046
1075,Caldera Brewing Company,1312070406,4,4,3,MrVonzipper,Rauchbier,4,4,Rauch Ür Bock,7.4,58046
1075,Caldera Brewing Company,1311558510,3,4.5,3,Beerandraiderfan,Rauchbier,2,3,Rauch Ür Bock,7.4,58046
1075,Caldera Brewing Company,1309310508,4,4.5,4.5,TheWhiskerReview,Rauchbier,4,3.5,Rauch Ür Bock,7.4,58046
1075,Caldera Brewing Company,1307850875,3.5,3.5,4.5,Elimination,Rauchbier,4,3.5,Rauch Ür Bock,7.4,58046
1075,Caldera Brewing Company,1283136243,4.5,5,3.5,Jason,Rauchbier,4.5,4.5,Rauch Ür Bock,7.4,58046
163,Amstel Brouwerij B. V.,988202869,3,3,3,Brent,Light Lager,2,2,Amstel Light,3.5,436
1075,Caldera Brewing Company,1306128988,4.5,4,4,DoubleJ,Rauchbier,4.5,4.5,Rauch Ür Bock,7.4,58046
1075,Caldera Brewing Company,1305926255,5,4.5,3.5,Deuane,Rauchbier,4,5,Rauch Ür Bock,7.4,58046
1075,Caldera Brewing Company,1305856857,4,4,4,Mattybeerguy,Rauchbier,4,4,Rauch Ür Bock,7.4,58046
1075,Caldera Brewing Company,1305469906,4,4,3.5,micromaniac129,Rauchbier,4,4,Rauch Ür Bock,7.4,58046
1075,Caldera Brewing Company,1305329412,3.5,5,3.5,beagle75,Rauchbier,3.5,4,Rauch Ür Bock,7.4,58046
1075,Caldera Brewing Company,1302401846,4,4,3.5,northyorksammy,Rauchbier,4,4,Rauch Ür Bock,7.4,58046
1075,Caldera Brewing Company,1301454480,4.5,4,4,vette2006c5r,Rauchbier,4.5,4,Rauch Ür Bock,7.4,58046
1075,Caldera Brewing Company,1301023832,4,3.5,4,EvanEngelstad,Rauchbier,3,3.5,Rauch Ür Bock,7.4,58046
1075,Caldera Brewing Company,1300936020,4.5,4,4,djeucalyptus,Rauchbier,4,4.5,Rauch Ür Bock,7.4,58046
1075,Caldera Brewing Company,1300237348,4,4,3.5,ccrida,Rauchbier,4.5,4,Rauch Ür Bock,7.4,58046
1075,Caldera Brewing Company,1297290394,3.5,3.5,4,cooch69,Rauchbier,3.5,3.5,Rauch Ür Bock,7.4,58046
1075,Caldera Brewing Company,1291959798,3.5,4,4,DogFood11,Rauchbier,3.5,3.5,Rauch Ür Bock,7.4,58046
1075,Caldera Brewing Company,1291254447,4,4.5,4,brewandbbq,Rauchbier,4,4.5,Rauch Ür Bock,7.4,58046
1075,Caldera Brewing Company,1286839186,3.5,3.5,4,Fatehunter,Rauchbier,4,4,Rauch Ür Bock,7.4,58046
1075,Caldera Brewing Company,1286679032,4.5,4.5,3,hopsbreath,Rauchbier,4.5,4.5,Rauch Ür Bock,7.4,58046
1075,Caldera Brewing Company,1285545349,4.5,4.5,3.5,augustgarage,Rauchbier,4,5,Rauch Ür Bock,7.4,58046
1075,Caldera Brewing Company,1284135689,4.5,4.5,4,Slatetank,Rauchbier,4,4,Rauch Ür Bock,7.4,58046
1075,Caldera Brewing Company,1281495119,4,4,4,Proteus93,Rauchbier,4,4,Rauch Ür Bock,7.4,58046
1075,Caldera Brewing Company,1281303716,4,4.5,4,SShelly,Rauchbier,4,4.5,Rauch Ür Bock,7.4,58046
1075,Caldera Brewing Company,1277846123,4,4.5,4,zoso1967,Rauchbier,3.5,4,Rauch Ür Bock,7.4,58046
1075,Caldera Brewing Company,1275779614,4,4.5,3.5,Halcyondays,Rauchbier,3.5,4,Rauch Ür Bock,7.4,58046
1075,Caldera Brewing Company,1273021280,4,4.5,3.5,msubulldog25,Rauchbier,4.5,4,Rauch Ür Bock,7.4,58046
1075,Caldera Brewing Company,1251327677,4,3.5,3.5,NJpadreFan,American Pale Ale (APA),4,4,Caldera Pale Ale,5.5,25414
1075,Caldera Brewing Company,1250928902,2.5,3,3.5,vacax,American Pale Ale (APA),3.5,2.5,Caldera Pale Ale,5.5,25414
1075,Caldera Brewing Company,1249866208,4,3.5,4,d0ggnate,American Pale Ale (APA),4,3.5,Caldera Pale Ale,5.5,25414
1075,Caldera Brewing Company,1310259440,4.5,4.5,4.5,Cyberkedi,American Porter,4.5,5,Pilot Rock Porter,5.8,10788
1075,Caldera Brewing Company,1249847121,4.5,3.5,4,babyhobbes,American Pale Ale (APA),3.5,4,Caldera Pale Ale,5.5,25414
1075,Caldera Brewing Company,1249556277,4.5,3.5,4,mdagnew,American Pale Ale (APA),4,4,Caldera Pale Ale,5.5,25414
1075,Caldera Brewing Company,1249347819,4,3.5,4.5,mikesgroove,American Pale Ale (APA),4,4,Caldera Pale Ale,5.5,25414
1075,Caldera Brewing Company,1248223105,4,3.5,4,hdofu,American Pale Ale (APA),4,4,Caldera Pale Ale,5.5,25414
1075,Caldera Brewing Company,1248142715,3.5,4,3.5,argock,American Pale Ale (APA),3.5,4,Caldera Pale Ale,5.5,25414
1075,Caldera Brewing Company,1247611689,3.5,4,4,Seanibus,American Pale Ale (APA),3.5,3.5,Caldera Pale Ale,5.5,25414
1075,Caldera Brewing Company,1246913078,5,4,4.5,GratefulBeerGuy,American Pale Ale (APA),4.5,4,Caldera Pale Ale,5.5,25414
1075,Caldera Brewing Company,1208019450,3.5,4,3.5,MuenchenerKindl,American Pale Ale (APA),4,3.5,Caldera Pale Ale,5.5,25414
1075,Caldera Brewing Company,1246835039,4.5,4,4,PDXHops,American Pale Ale (APA),4.5,4.5,Caldera Pale Ale,5.5,25414
1075,Caldera Brewing Company,1245632401,4,4,4,IMincedTheKing,American Pale Ale (APA),4,4,Caldera Pale Ale,5.5,25414
1075,Caldera Brewing Company,1245007399,4,3.5,4,Goliath,American Pale Ale (APA),4,3.5,Caldera Pale Ale,5.5,25414
1075,Caldera Brewing Company,1243386855,4,3.5,3.5,zeff80,American Pale Ale (APA),4,4.5,Caldera Pale Ale,5.5,25414
1075,Caldera Brewing Company,1243111472,4,3.5,4,akorsak,American Pale Ale (APA),4,4,Caldera Pale Ale,5.5,25414
1075,Caldera Brewing Company,1242695740,4,3,3.5,wchesak,American Pale Ale (APA),3.5,4,Caldera Pale Ale,5.5,25414
1075,Caldera Brewing Company,1242591041,3.5,3.5,3.5,beer2day,American Pale Ale (APA),4,3.5,Caldera Pale Ale,5.5,25414
1075,Caldera Brewing Company,1240194272,4,3.5,2.5,bfields4,American Pale Ale (APA),3.5,4,Caldera Pale Ale,5.5,25414
1075,Caldera Brewing Company,1239404031,4,4,4,dyan,American Pale Ale (APA),4,3.5,Caldera Pale Ale,5.5,25414
1075,Caldera Brewing Company,1238806680,3.5,3.5,4,Monkeyknife,American Pale Ale (APA),3.5,3.5,Caldera Pale Ale,5.5,25414
1075,Caldera Brewing Company,1238102425,4.5,4,4,HopDerek,American Pale Ale (APA),3.5,3.5,Caldera Pale Ale,5.5,25414
1075,Caldera Brewing Company,1237995185,4.5,4,4.5,djeucalyptus,American Pale Ale (APA),4,4,Caldera Pale Ale,5.5,25414
1075,Caldera Brewing Company,1235940573,5,3.5,4,mtrentm,American Pale Ale (APA),4,5,Caldera Pale Ale,5.5,25414
1075,Caldera Brewing Company,1235869779,5,4,4.5,maximum12,American Pale Ale (APA),4,4,Caldera Pale Ale,5.5,25414
1075,Caldera Brewing Company,1235799776,3.5,4,3.5,blackie,American Pale Ale (APA),3.5,3.5,Caldera Pale Ale,5.5,25414
1075,Caldera Brewing Company,1234402493,4,3.5,3.5,JayQue,American Pale Ale (APA),3.5,4,Caldera Pale Ale,5.5,25414
1075,Caldera Brewing Company,1234301164,4.5,3.5,3.5,bbothen,American Pale Ale (APA),4,3.5,Caldera Pale Ale,5.5,25414
1075,Caldera Brewing Company,1234289072,4,4,4,Kegatron,American Pale Ale (APA),4,3.5,Caldera Pale Ale,5.5,25414
1075,Caldera Brewing Company,1233532055,4,4,4,CrellMoset,American Pale Ale (APA),4.5,3.5,Caldera Pale Ale,5.5,25414
1075,Caldera Brewing Company,1233527792,3.5,3,3.5,beerman21,American Pale Ale (APA),3.5,3.5,Caldera Pale Ale,5.5,25414
1075,Caldera Brewing Company,1276458339,4,4,4,joepais,American Pale Ale (APA),4,3.5,Caldera Pale Ale,5.5,25414
1075,Caldera Brewing Company,1233438861,4,4,4,BeerSox,American Pale Ale (APA),4,4,Caldera Pale Ale,5.5,25414
1075,Caldera Brewing Company,1232762866,3.5,4,3.5,Proteus93,American Pale Ale (APA),3,4,Caldera Pale Ale,5.5,25414
1075,Caldera Brewing Company,1231859071,3.5,3.5,3.5,hopdog,American Pale Ale (APA),3,3.5,Caldera Pale Ale,5.5,25414
1075,Caldera Brewing Company,1231644832,4,3.5,3.5,gford217,American Pale Ale (APA),3.5,3.5,Caldera Pale Ale,5.5,25414
1075,Caldera Brewing Company,1228286719,4,3,4,thehand,American Pale Ale (APA),4,4,Caldera Pale Ale,5.5,25414
1075,Caldera Brewing Company,1227368772,4.5,4,4,GbVDave,American Pale Ale (APA),4.5,4,Caldera Pale Ale,5.5,25414
1075,Caldera Brewing Company,1222211380,3,3,3.5,dfitch81,American Pale Ale (APA),3,2.5,Caldera Pale Ale,5.5,25414
1075,Caldera Brewing Company,1220215328,3.5,3.5,4,RJLarse,American Pale Ale (APA),4,3.5,Caldera Pale Ale,5.5,25414
1075,Caldera Brewing Company,1275798498,4,4,4,Beejay,American Pale Ale (APA),3.5,4,Caldera Pale Ale,5.5,25414
1075,Caldera Brewing Company,1219023488,4.5,4.5,4.5,SurlyDuff,American Pale Ale (APA),4.5,4.5,Caldera Pale Ale,5.5,25414
1075,Caldera Brewing Company,1218509484,4,4,4,Wetpaperbag,American Pale Ale (APA),3,3.5,Caldera Pale Ale,5.5,25414
1075,Caldera Brewing Company,1217377327,4.5,4,4,largadeer,American Pale Ale (APA),4,4,Caldera Pale Ale,5.5,25414
1075,Caldera Brewing Company,1216870136,3.5,4.5,4,cswhitehorse,American Pale Ale (APA),3.5,3.5,Caldera Pale Ale,5.5,25414
1075,Caldera Brewing Company,1216764325,4,4,3.5,elniko,American Pale Ale (APA),4,4,Caldera Pale Ale,5.5,25414
1075,Caldera Brewing Company,1215737527,4.5,4,4,deltatauhobbit,American Pale Ale (APA),3.5,4,Caldera Pale Ale,5.5,25414
1075,Caldera Brewing Company,1215478984,4,4,4.5,woemad,American Pale Ale (APA),4,3.5,Caldera Pale Ale,5.5,25414
1075,Caldera Brewing Company,1215388875,4.5,4,3.5,czechsaaz,American Pale Ale (APA),4.5,4,Caldera Pale Ale,5.5,25414
1075,Caldera Brewing Company,1210468644,4,4,4.5,Wasatch,American Pale Ale (APA),4,4,Caldera Pale Ale,5.5,25414
1075,Caldera Brewing Company,1208444405,4.5,4,3.5,oberon,American Pale Ale (APA),3.5,4,Caldera Pale Ale,5.5,25414
1075,Caldera Brewing Company,1310518783,4,4,4.5,Urbancaver,Belgian Strong Dark Ale,4,3.5,Vas Deferens Ale,8.1,58920
1075,Caldera Brewing Company,1207375871,3.5,4,5,ccrida,American Pale Ale (APA),3.5,4,Caldera Pale Ale,5.5,25414
1075,Caldera Brewing Company,1206403506,4.5,3.5,3,brentk56,American Pale Ale (APA),4,4,Caldera Pale Ale,5.5,25414
1075,Caldera Brewing Company,1206326545,5,4,3.5,BeerZack,American Pale Ale (APA),4.5,4,Caldera Pale Ale,5.5,25414
1075,Caldera Brewing Company,1205302160,4,3.5,3.5,russpowell,American Pale Ale (APA),3.5,3.5,Caldera Pale Ale,5.5,25414
1075,Caldera Brewing Company,1204256003,4,3.5,4,Spikester,American Pale Ale (APA),3,4,Caldera Pale Ale,5.5,25414
1075,Caldera Brewing Company,1199158664,3,2.5,3,Dubbercody,American Pale Ale (APA),3,3,Caldera Pale Ale,5.5,25414
1075,Caldera Brewing Company,1198817492,3,4,3.5,ChainGangGuy,American Pale Ale (APA),3.5,3,Caldera Pale Ale,5.5,25414
1075,Caldera Brewing Company,1190043490,4.5,4,4.5,Vancer,American Pale Ale (APA),4.5,4,Caldera Pale Ale,5.5,25414
1075,Caldera Brewing Company,1188970905,4.5,3.5,3.5,ghostwalker,American Pale Ale (APA),3.5,4,Caldera Pale Ale,5.5,25414
1075,Caldera Brewing Company,1186867975,4,4,4.5,udubdawg,American Pale Ale (APA),4,4,Caldera Pale Ale,5.5,25414
1075,Caldera Brewing Company,1275439462,4,3.5,2.5,Bfarr,American Pale Ale (APA),3,4.5,Caldera Pale Ale,5.5,25414
1075,Caldera Brewing Company,1182308568,4,4,4,cburian,American Pale Ale (APA),4,4.5,Caldera Pale Ale,5.5,25414
1075,Caldera Brewing Company,1181450867,4.5,4,4,flexabull,American Pale Ale (APA),3.5,4,Caldera Pale Ale,5.5,25414
1075,Caldera Brewing Company,1177638920,4,3,3.5,mnwags,American Pale Ale (APA),2.5,3.5,Caldera Pale Ale,5.5,25414
1075,Caldera Brewing Company,1170714306,4.5,4,3.5,NeroFiddled,American Pale Ale (APA),4.5,4,Caldera Pale Ale,5.5,25414
1075,Caldera Brewing Company,1160699043,5,4,3.5,IntriqKen,American Pale Ale (APA),4,4,Caldera Pale Ale,5.5,25414
1075,Caldera Brewing Company,1160265839,3.5,4,3,JoshD,American Pale Ale (APA),3.5,3,Caldera Pale Ale,5.5,25414
1075,Caldera Brewing Company,1157665307,4,3.5,4,lackenhauser,American Pale Ale (APA),4,4,Caldera Pale Ale,5.5,25414
1075,Caldera Brewing Company,1154568582,4.5,4,4,kgotcher,American Pale Ale (APA),4,4,Caldera Pale Ale,5.5,25414
1075,Caldera Brewing Company,1154067787,4.5,4,3,MLegendre,American Pale Ale (APA),3.5,4,Caldera Pale Ale,5.5,25414
1075,Caldera Brewing Company,1148947298,3,4,4,freed,American Pale Ale (APA),3,3,Caldera Pale Ale,5.5,25414
1075,Caldera Brewing Company,1147643598,4,4,3.5,ddarden,American Pale Ale (APA),4,4,Caldera Pale Ale,5.5,25414
1075,Caldera Brewing Company,1147583357,4,4,3.5,ElGordo,American Pale Ale (APA),4,3.5,Caldera Pale Ale,5.5,25414
1075,Caldera Brewing Company,1132082651,4.5,4.5,4.5,BuckeyeNation,American Pale Ale (APA),4,4,Caldera Pale Ale,5.5,25414
1075,Caldera Brewing Company,1124731747,4,3.5,4,Reidrover,American Pale Ale (APA),3.5,4,Caldera Pale Ale,5.5,25414
1075,Caldera Brewing Company,1326212716,4,4,4,BeerLover99,American Pale Ale (APA),4,4,Caldera Pale Ale,5.5,25414
1075,Caldera Brewing Company,1322517349,3.5,4,3.5,syrupjoe,American Pale Ale (APA),4,3.5,Caldera Pale Ale,5.5,25414
1075,Caldera Brewing Company,1321322911,4,4.5,4,BrewerB,American Pale Ale (APA),4.5,4,Caldera Pale Ale,5.5,25414
1075,Caldera Brewing Company,1274928281,4,4,3.5,robwestcott,American Pale Ale (APA),4,3.5,Caldera Pale Ale,5.5,25414
1075,Caldera Brewing Company,1320470970,3.5,3.5,4.5,vande,American Pale Ale (APA),4,3,Caldera Pale Ale,5.5,25414
1075,Caldera Brewing Company,1320422191,4,3.5,4,ColForbinBC,American Pale Ale (APA),3.5,4,Caldera Pale Ale,5.5,25414
1075,Caldera Brewing Company,1318247779,3,2.5,3.5,harrymel,American Pale Ale (APA),3.5,3,Caldera Pale Ale,5.5,25414
1075,Caldera Brewing Company,1316727048,4,3.5,4.5,woosterbill,American Pale Ale (APA),3.5,4,Caldera Pale Ale,5.5,25414
1075,Caldera Brewing Company,1315501843,4,4,4.5,ReelBigwigFish,American Pale Ale (APA),4,4,Caldera Pale Ale,5.5,25414
1075,Caldera Brewing Company,1315424611,4,4,4,cbarrett4,American Pale Ale (APA),4.5,4,Caldera Pale Ale,5.5,25414
1075,Caldera Brewing Company,1313814599,4,3.5,4,chodinheaven,American Pale Ale (APA),4,4,Caldera Pale Ale,5.5,25414
1075,Caldera Brewing Company,1313539369,3.5,3.5,3.5,Beerandraiderfan,American Pale Ale (APA),3.5,4,Caldera Pale Ale,5.5,25414
1075,Caldera Brewing Company,1313538701,4,3.5,4.5,MrVonzipper,American Pale Ale (APA),4,4,Caldera Pale Ale,5.5,25414
1075,Caldera Brewing Company,1274919895,4,4,4,tempest,American Pale Ale (APA),4,4,Caldera Pale Ale,5.5,25414
1075,Caldera Brewing Company,1313344297,3.5,3.5,3.5,witster18,American Pale Ale (APA),3.5,4,Caldera Pale Ale,5.5,25414
1075,Caldera Brewing Company,1313205214,4,3.5,3.5,jeff1973,American Pale Ale (APA),4.5,4,Caldera Pale Ale,5.5,25414
1075,Caldera Brewing Company,1312859109,4,4,4,Duff27,American Pale Ale (APA),3.5,4.5,Caldera Pale Ale,5.5,25414
1075,Caldera Brewing Company,1311635079,3,3,4,Phelps,American Pale Ale (APA),4,3,Caldera Pale Ale,5.5,25414
1075,Caldera Brewing Company,1310596490,3.5,3.5,4,mgbickel,American Pale Ale (APA),3,3.5,Caldera Pale Ale,5.5,25414
1075,Caldera Brewing Company,1309143059,3,3.5,4,Jimmys,American Pale Ale (APA),3.5,2.5,Caldera Pale Ale,5.5,25414
1075,Caldera Brewing Company,1307926374,4,4,4,Scotchboy,American Pale Ale (APA),3.5,3.5,Caldera Pale Ale,5.5,25414
1075,Caldera Brewing Company,1307228809,3,3.5,4,TheGordianKnot,American Pale Ale (APA),3,3,Caldera Pale Ale,5.5,25414
1075,Caldera Brewing Company,1306801312,3.5,3.5,3.5,loren01,American Pale Ale (APA),4,3.5,Caldera Pale Ale,5.5,25414
1075,Caldera Brewing Company,1305443533,3.5,3.5,3.5,rootbeerman,American Pale Ale (APA),4,4,Caldera Pale Ale,5.5,25414
1075,Caldera Brewing Company,1304919405,4,4,4.5,corby112,American Pale Ale (APA),4,4,Caldera Pale Ale,5.5,25414
1075,Caldera Brewing Company,1304775252,3.5,3.5,4,inlimbo77,American Pale Ale (APA),3.5,3.5,Caldera Pale Ale,5.5,25414
1075,Caldera Brewing Company,1302318720,4.5,5,4.5,youradhere,American Pale Ale (APA),4.5,4,Caldera Pale Ale,5.5,25414
1075,Caldera Brewing Company,1299616654,2.5,3.5,4,Thorpe429,American Pale Ale (APA),2,2.5,Caldera Pale Ale,5.5,25414
1075,Caldera Brewing Company,1299469158,4,3.5,4,FosterJM,American Pale Ale (APA),4,4.5,Caldera Pale Ale,5.5,25414
1075,Caldera Brewing Company,1298677831,4.5,2,2,bobhits,American Pale Ale (APA),4,4,Caldera Pale Ale,5.5,25414
1075,Caldera Brewing Company,1298604088,3.5,3.5,3.5,u2carew,American Pale Ale (APA),3,3.5,Caldera Pale Ale,5.5,25414
1075,Caldera Brewing Company,1296947205,3,3.5,4,beerman207,American Pale Ale (APA),3,4,Caldera Pale Ale,5.5,25414
1075,Caldera Brewing Company,1286931306,3.5,4,4,hawks10,American Pale Ale (APA),3.5,4,Caldera Pale Ale,5.5,25414
1075,Caldera Brewing Company,1296194634,3.5,3.5,4,BEERchitect,American Pale Ale (APA),3.5,4,Caldera Pale Ale,5.5,25414
1075,Caldera Brewing Company,1292368869,4,3.5,4,msubulldog25,American Pale Ale (APA),3.5,4,Caldera Pale Ale,5.5,25414
1075,Caldera Brewing Company,1291082909,4,3.5,3.5,climax,American Pale Ale (APA),4,3.5,Caldera Pale Ale,5.5,25414
1075,Caldera Brewing Company,1289995470,4,4,5,AEK,American Pale Ale (APA),4,4,Caldera Pale Ale,5.5,25414
1075,Caldera Brewing Company,1288306896,3,3,3,Tilley4,American Pale Ale (APA),2.5,3,Caldera Pale Ale,5.5,25414
1075,Caldera Brewing Company,1288229762,4.5,4.5,4,wcudwight,American Pale Ale (APA),4.5,4,Caldera Pale Ale,5.5,25414
1075,Caldera Brewing Company,1288124891,4,3,4,kzoobrew,American Pale Ale (APA),3.5,3,Caldera Pale Ale,5.5,25414
1075,Caldera Brewing Company,1286887230,4.5,4,4.5,dudemuskie,American Pale Ale (APA),4,4,Caldera Pale Ale,5.5,25414
1075,Caldera Brewing Company,1286770715,4,4,4,elgiacomo,American Pale Ale (APA),4,3.5,Caldera Pale Ale,5.5,25414
1075,Caldera Brewing Company,1285123300,4,3,4,ArrogantB,American Pale Ale (APA),4,2.5,Caldera Pale Ale,5.5,25414
1075,Caldera Brewing Company,1284070441,4,4,4,stephens101,American Pale Ale (APA),3.5,4.5,Caldera Pale Ale,5.5,25414
1075,Caldera Brewing Company,1282616446,3.5,3.5,3.5,StaveHooks,American Pale Ale (APA),5,3.5,Caldera Pale Ale,5.5,25414
1075,Caldera Brewing Company,1281751758,3.5,3.5,4,GarrettMD,American Pale Ale (APA),3.5,3.5,Caldera Pale Ale,5.5,25414
1075,Caldera Brewing Company,1281407690,4,4,4,barleywinefiend,American Pale Ale (APA),4,4,Caldera Pale Ale,5.5,25414
1075,Caldera Brewing Company,1281230213,4.5,4,4,merlin48,American Pale Ale (APA),4.5,4,Caldera Pale Ale,5.5,25414
1075,Caldera Brewing Company,1280773118,3.5,3,4,jampics2,American Pale Ale (APA),3.5,3,Caldera Pale Ale,5.5,25414
1075,Caldera Brewing Company,1258511938,5,5,3,cjever19,American Pale Ale (APA),5,5,Caldera Pale Ale,5.5,25414
1075,Caldera Brewing Company,1280377901,5,3.5,4,ThreeWiseMen,American Pale Ale (APA),5,4,Caldera Pale Ale,5.5,25414
1075,Caldera Brewing Company,1280121552,4,3,4,philbertk,American Pale Ale (APA),3,4,Caldera Pale Ale,5.5,25414
1075,Caldera Brewing Company,1279898459,4.5,4,4,Brent,American Pale Ale (APA),4,4,Caldera Pale Ale,5.5,25414
1075,Caldera Brewing Company,1279603940,3,3.5,3.5,Bubba83,American Pale Ale (APA),4,3,Caldera Pale Ale,5.5,25414
1075,Caldera Brewing Company,1278462434,4,4,4,BeerAdvocate,American Pale Ale (APA),4,4,Caldera Pale Ale,5.5,25414
1075,Caldera Brewing Company,1278094363,4,3.5,4,mikereaser,American Pale Ale (APA),4,4,Caldera Pale Ale,5.5,25414
1075,Caldera Brewing Company,1277592425,4,3,4,jkrich,American Pale Ale (APA),4,4,Caldera Pale Ale,5.5,25414
1075,Caldera Brewing Company,1277176387,4.5,3.5,3.5,SpdKilz,American Pale Ale (APA),4,3.5,Caldera Pale Ale,5.5,25414
1075,Caldera Brewing Company,1277173621,4,3.5,3.5,barleywinefiend,American Pale Ale (APA),3.5,4,Caldera Pale Ale,5.5,25414
1075,Caldera Brewing Company,1274582920,4.5,4,4,indiapaleale,American Pale Ale (APA),4,4,Caldera Pale Ale,5.5,25414
1075,Caldera Brewing Company,1274535816,4.5,4,4,Cresant,American Pale Ale (APA),4,4,Caldera Pale Ale,5.5,25414
1075,Caldera Brewing Company,1274399540,3,4,3.5,Bitterbill,American Pale Ale (APA),4,3,Caldera Pale Ale,5.5,25414
1075,Caldera Brewing Company,1273493811,4.5,3.5,3.5,hosehead83,American Pale Ale (APA),4,4,Caldera Pale Ale,5.5,25414
1075,Caldera Brewing Company,1271993282,4,4,4,kshankar,American Pale Ale (APA),4,4.5,Caldera Pale Ale,5.5,25414
1075,Caldera Brewing Company,1269722488,4.5,4,4.5,bump8628,American Pale Ale (APA),4,4,Caldera Pale Ale,5.5,25414
1075,Caldera Brewing Company,1268076225,4,3.5,4,WesWes,American Pale Ale (APA),4,4,Caldera Pale Ale,5.5,25414
1075,Caldera Brewing Company,1267839055,3,3,2.5,beertunes,American Pale Ale (APA),2.5,3,Caldera Pale Ale,5.5,25414
1075,Caldera Brewing Company,1266473259,4,4,4,ClockworkOrange,American Pale Ale (APA),4,3.5,Caldera Pale Ale,5.5,25414
1075,Caldera Brewing Company,1266280281,4,3.5,5,organicbrewer,American Pale Ale (APA),4.5,4,Caldera Pale Ale,5.5,25414
1075,Caldera Brewing Company,1265831510,5,4,4,onix1agr,American Pale Ale (APA),4.5,4,Caldera Pale Ale,5.5,25414
1075,Caldera Brewing Company,1265696374,4,3.5,4,dedrinker,American Pale Ale (APA),4,4,Caldera Pale Ale,5.5,25414
1075,Caldera Brewing Company,1264269458,4.5,4.5,4,woodychandler,American Pale Ale (APA),4,4.5,Caldera Pale Ale,5.5,25414
1075,Caldera Brewing Company,1264041225,3.5,3.5,3,therica,American Pale Ale (APA),3.5,3.5,Caldera Pale Ale,5.5,25414
1075,Caldera Brewing Company,1262623366,4.5,3.5,3.5,rfgetz,American Pale Ale (APA),4,4,Caldera Pale Ale,5.5,25414
1075,Caldera Brewing Company,1262485655,4,3.5,4,JohnGalt1,American Pale Ale (APA),3.5,3,Caldera Pale Ale,5.5,25414
1075,Caldera Brewing Company,1261976212,5,4,4,womencantsail,American Pale Ale (APA),4,4.5,Caldera Pale Ale,5.5,25414
1075,Caldera Brewing Company,1260202692,4.5,4.5,4,ckeegan04,American Pale Ale (APA),4,4.5,Caldera Pale Ale,5.5,25414
1075,Caldera Brewing Company,1258953381,4.5,3.5,4,WeisGuy,American Pale Ale (APA),4,3.5,Caldera Pale Ale,5.5,25414
1075,Caldera Brewing Company,1256089931,4.5,3,4,Rmassimiano,American Pale Ale (APA),4,5,Caldera Pale Ale,5.5,25414
1075,Caldera Brewing Company,1255564836,4.5,4,4,droomyster,American Pale Ale (APA),4,4.5,Caldera Pale Ale,5.5,25414
1075,Caldera Brewing Company,1254457053,4,3.5,3.5,flagmantho,American Pale Ale (APA),4,4,Caldera Pale Ale,5.5,25414
1075,Caldera Brewing Company,1254185699,4,3,4,snaotheus,American Pale Ale (APA),3.5,4,Caldera Pale Ale,5.5,25414
1075,Caldera Brewing Company,1254099708,4.5,4,4,RoyalT,American Pale Ale (APA),4,4,Caldera Pale Ale,5.5,25414
1075,Caldera Brewing Company,1253889382,3.5,4,4,Slatetank,American Pale Ale (APA),3.5,4,Caldera Pale Ale,5.5,25414
1075,Caldera Brewing Company,1252549074,4,4,4,philbe311,American Pale Ale (APA),4,3.5,Caldera Pale Ale,5.5,25414
1075,Caldera Brewing Company,1252535262,4,3.5,3.5,Deuane,American Pale Ale (APA),4,4,Caldera Pale Ale,5.5,25414
1075,Caldera Brewing Company,1251925734,3.5,3,4,Halcyondays,American Pale Ale (APA),3.5,3,Caldera Pale Ale,5.5,25414
1075,Caldera Brewing Company,1304977550,4,4,4,CaptainIPA,American Porter,4.5,4,Pilot Rock Porter,5.8,10788
1075,Caldera Brewing Company,1299734664,4.5,3.5,3,anchordrinker,American Porter,5,4.5,Pilot Rock Porter,5.8,10788
1075,Caldera Brewing Company,1270238942,4.5,4,4,spointon,American Porter,4,4.5,Pilot Rock Porter,5.8,10788
1075,Caldera Brewing Company,1265775166,3.5,3.5,4,slaintemhor,American Porter,3.5,3.5,Pilot Rock Porter,5.8,10788
1075,Caldera Brewing Company,1254977926,5,4,4.5,Reidrover,American Porter,4,4,Pilot Rock Porter,5.8,10788
1075,Caldera Brewing Company,1153680639,4.5,3.5,4.5,Gavage,American Porter,4.5,4,Pilot Rock Porter,5.8,10788
1075,Caldera Brewing Company,1113805689,3.5,3.5,3.5,Thrasher,American Porter,3.5,3,Pilot Rock Porter,5.8,10788
1075,Caldera Brewing Company,1100743845,2.5,2.5,3,RedDiamond,American Porter,2.5,3,Pilot Rock Porter,5.8,10788
1075,Caldera Brewing Company,1326071409,3.5,3.5,4,BilbosNuts,Belgian Strong Dark Ale,2,3.5,Vas Deferens Ale,8.1,58920
1075,Caldera Brewing Company,1321407186,3,4,2,n2185,Belgian Strong Dark Ale,3,2.5,Vas Deferens Ale,8.1,58920
1075,Caldera Brewing Company,1311736668,4,4,4,Knapp85,Belgian Strong Dark Ale,3.5,4,Vas Deferens Ale,8.1,58920
1075,Caldera Brewing Company,1321070530,3.5,3.5,3.5,russpowell,Belgian Strong Dark Ale,3,3.5,Vas Deferens Ale,8.1,58920
1075,Caldera Brewing Company,1320555535,4,3.5,4,mjyoung,Belgian Strong Dark Ale,3.5,4,Vas Deferens Ale,8.1,58920
1075,Caldera Brewing Company,1319921102,3.5,3.5,4,phichifiji00,Belgian Strong Dark Ale,3.5,3.5,Vas Deferens Ale,8.1,58920
1075,Caldera Brewing Company,1319858005,3.5,3.5,4,mgbickel,Belgian Strong Dark Ale,4,3.5,Vas Deferens Ale,8.1,58920
1075,Caldera Brewing Company,1317515953,4,3,4,vande,Belgian Strong Dark Ale,3.5,4,Vas Deferens Ale,8.1,58920
1075,Caldera Brewing Company,1317093500,3,3.5,4,oline73,Belgian Strong Dark Ale,3.5,3.5,Vas Deferens Ale,8.1,58920
1075,Caldera Brewing Company,1315280892,4.5,4,4,pitasoup,Belgian Strong Dark Ale,3.5,3.5,Vas Deferens Ale,8.1,58920
1075,Caldera Brewing Company,1314576950,4,3.5,3.5,match1112,Belgian Strong Dark Ale,4,4,Vas Deferens Ale,8.1,58920
1075,Caldera Brewing Company,1313275008,3.5,3,3.5,Siggy125,Belgian Strong Dark Ale,3.5,3,Vas Deferens Ale,8.1,58920
1075,Caldera Brewing Company,1311901246,3.5,4,4,beer2day,Belgian Strong Dark Ale,3.5,3.5,Vas Deferens Ale,8.1,58920
1075,Caldera Brewing Company,1309577754,4,3.5,4,sgsmfdoom,Belgian Strong Dark Ale,4,4,Vas Deferens Ale,8.1,58920
1075,Caldera Brewing Company,1309227572,4,3,4,Nashvillain,Belgian Strong Dark Ale,4,3.5,Vas Deferens Ale,8.1,58920
1075,Caldera Brewing Company,1304116900,4,4,4,CHILLINDYLAN,Belgian Strong Dark Ale,4,4,Vas Deferens Ale,8.1,58920
1075,Caldera Brewing Company,1300995057,4,4,4,emmasdad,Belgian Strong Dark Ale,4,3.5,Vas Deferens Ale,8.1,58920
1075,Caldera Brewing Company,1300226447,3.5,4,3.5,Bendurgin,Belgian Strong Dark Ale,3.5,3.5,Vas Deferens Ale,8.1,58920
1075,Caldera Brewing Company,1296739609,3.5,3,4,BuckeyeNation,Belgian Strong Dark Ale,3.5,3.5,Vas Deferens Ale,8.1,58920
1075,Caldera Brewing Company,1294716213,3.5,3.5,3.5,BeerAdvocate,Belgian Strong Dark Ale,3.5,3.5,Vas Deferens Ale,8.1,58920
1075,Caldera Brewing Company,1292542146,4,4,4,GarthDanielson,Belgian Strong Dark Ale,4,4,Vas Deferens Ale,8.1,58920
1075,Caldera Brewing Company,1272945129,4,4,4,Akfan,American IPA,4,4.5,Caldera IPA,6.1,10784
1075,Caldera Brewing Company,1290310276,4,4,3.5,chumba526,Belgian Strong Dark Ale,3.5,4,Vas Deferens Ale,8.1,58920
1075,Caldera Brewing Company,1289007164,3,2.5,4,Xul,Belgian Strong Dark Ale,3.5,3,Vas Deferens Ale,8.1,58920
1075,Caldera Brewing Company,1287556131,3.5,2.5,3.5,Docer,Belgian Strong Dark Ale,3.5,3.5,Vas Deferens Ale,8.1,58920
1075,Caldera Brewing Company,1283849227,2,2.5,4,rand,Belgian Strong Dark Ale,2.5,2,Vas Deferens Ale,8.1,58920
1075,Caldera Brewing Company,1283632391,2.5,2,2.5,Arbitrator,Belgian Strong Dark Ale,1,2.5,Vas Deferens Ale,8.1,58920
1075,Caldera Brewing Company,1283402291,3,3.5,3.5,ccrida,Belgian Strong Dark Ale,3,3,Vas Deferens Ale,8.1,58920
1075,Caldera Brewing Company,1281917733,4,4,4,brewandbbq,Belgian Strong Dark Ale,4,4,Vas Deferens Ale,8.1,58920
1075,Caldera Brewing Company,1324238653,4,4,4,coldriver,American IPA,4,4.5,Caldera IPA,6.1,10784
1075,Caldera Brewing Company,1281017724,3,4,3.5,GradyS1,Belgian Strong Dark Ale,2.5,3,Vas Deferens Ale,8.1,58920
1075,Caldera Brewing Company,1278714049,3,3.5,4,meatyard,Belgian Strong Dark Ale,3.5,3.5,Vas Deferens Ale,8.1,58920
1075,Caldera Brewing Company,1277183331,4,4,4,Mora2000,Belgian Strong Dark Ale,4,3.5,Vas Deferens Ale,8.1,58920
1075,Caldera Brewing Company,1277179584,5,4,4,GRG1313,Belgian Strong Dark Ale,3.5,4,Vas Deferens Ale,8.1,58920
1075,Caldera Brewing Company,1276135287,4,3.5,4.5,zoso1967,Belgian Strong Dark Ale,4,3,Vas Deferens Ale,8.1,58920
1075,Caldera Brewing Company,1275892159,3.5,3.5,4.5,DeanMoriarty,Belgian Strong Dark Ale,3.5,4,Vas Deferens Ale,8.1,58920
1075,Caldera Brewing Company,1275778651,3.5,3,4,Halcyondays,Belgian Strong Dark Ale,3.5,3.5,Vas Deferens Ale,8.1,58920
1075,Caldera Brewing Company,1103668195,3,3,3,RedDiamond,American Stout,4,3,Cauldron Espresso Stout,,21241
1075,Caldera Brewing Company,1314593255,4.5,4,4,Derek,Russian Imperial Stout,4,4.5,Old Growth Imperial Stout,8.8,20818
1075,Caldera Brewing Company,1325371643,4,4,3.5,suncrust,Russian Imperial Stout,4,4,Old Growth Imperial Stout,8.8,20818
1075,Caldera Brewing Company,1324873502,4,4,4,dc55110,Russian Imperial Stout,3.5,4,Old Growth Imperial Stout,8.8,20818
1075,Caldera Brewing Company,1321759929,4,3.5,3,snaotheus,Russian Imperial Stout,4,4.5,Old Growth Imperial Stout,8.8,20818
1075,Caldera Brewing Company,1320011799,4,4,4,oberon,Russian Imperial Stout,4.5,4,Old Growth Imperial Stout,8.8,20818
1075,Caldera Brewing Company,1319912250,4,4,2.5,russpowell,Russian Imperial Stout,4.5,4,Old Growth Imperial Stout,8.8,20818
1075,Caldera Brewing Company,1319087212,4,4,4.5,julian,Russian Imperial Stout,4,4,Old Growth Imperial Stout,8.8,20818
1075,Caldera Brewing Company,1318908990,4.5,4,4,Halcyondays,Russian Imperial Stout,5,4.5,Old Growth Imperial Stout,8.8,20818
1075,Caldera Brewing Company,1318153805,4.5,4,4.5,UCLABrewN84,Russian Imperial Stout,4,4.5,Old Growth Imperial Stout,8.8,20818
1075,Caldera Brewing Company,1316051590,3.5,3,3.5,Beerandraiderfan,Russian Imperial Stout,4,4,Old Growth Imperial Stout,8.8,20818
1075,Caldera Brewing Company,1315044032,4,4,4.5,tdm168,Russian Imperial Stout,4,4.5,Old Growth Imperial Stout,8.8,20818
1075,Caldera Brewing Company,1313553891,4.5,4,4,jeff1973,Russian Imperial Stout,4.5,4.5,Old Growth Imperial Stout,8.8,20818
1075,Caldera Brewing Company,1312575615,5,4.5,4.5,Tilley4,Russian Imperial Stout,4.5,5,Old Growth Imperial Stout,8.8,20818
1075,Caldera Brewing Company,1310693953,5,5,5,Cyberkedi,Russian Imperial Stout,5,4.5,Old Growth Imperial Stout,8.8,20818
1075,Caldera Brewing Company,1305846083,4,4,4,onix1agr,Russian Imperial Stout,4.5,4.5,Old Growth Imperial Stout,8.8,20818
1075,Caldera Brewing Company,1305776840,4.5,4,4.5,oglmcdgl,Russian Imperial Stout,4.5,4.5,Old Growth Imperial Stout,8.8,20818
1075,Caldera Brewing Company,1304910259,4,3,3.5,youradhere,Russian Imperial Stout,3,4,Old Growth Imperial Stout,8.8,20818
1075,Caldera Brewing Company,1301436909,4,4,4,Knapp85,Russian Imperial Stout,3.5,4,Old Growth Imperial Stout,8.8,20818
1075,Caldera Brewing Company,1301108461,4.5,4.5,4.5,kitty66,Russian Imperial Stout,4,5,Old Growth Imperial Stout,8.8,20818
1075,Caldera Brewing Company,1106529693,4.5,4.5,4.5,Valevapor,American Amber / Red Ale,4,4.5,Dry Hop Red,5.7,10786
1075,Caldera Brewing Company,1301032260,4.5,4,4,lowendfrequency,Russian Imperial Stout,4.5,4.5,Old Growth Imperial Stout,8.8,20818
1075,Caldera Brewing Company,1299090515,3,4,3.5,harrymel,Russian Imperial Stout,4,4,Old Growth Imperial Stout,8.8,20818
1075,Caldera Brewing Company,1297663058,3.5,4,4,Vdubb86,Russian Imperial Stout,4,3.5,Old Growth Imperial Stout,8.8,20818
1075,Caldera Brewing Company,1297637051,3.5,3.5,4,TMoney2591,Russian Imperial Stout,4,4,Old Growth Imperial Stout,8.8,20818
1075,Caldera Brewing Company,1296103099,4,3.5,4.5,vkv822,Russian Imperial Stout,4,3.5,Old Growth Imperial Stout,8.8,20818
1075,Caldera Brewing Company,1295916750,4,4,4,barleywinefiend,Russian Imperial Stout,4,4.5,Old Growth Imperial Stout,8.8,20818
1075,Caldera Brewing Company,1267669241,4.5,4,4,ccrida,Russian Imperial Stout,4.5,4.5,Old Growth Imperial Stout,8.8,20818
1075,Caldera Brewing Company,1233976509,4.5,4,4,msubulldog25,Russian Imperial Stout,4.5,4.5,Old Growth Imperial Stout,8.8,20818
1075,Caldera Brewing Company,1104119630,3,4,3.5,GreenWBush,American Amber / Red Ale,3,4,Dry Hop Red,5.7,10786
1075,Caldera Brewing Company,1232517923,5,4.5,4.5,bitterthebetter,Russian Imperial Stout,5,5,Old Growth Imperial Stout,8.8,20818
1075,Caldera Brewing Company,1202674258,4,4,4.5,RedDiamond,Russian Imperial Stout,4,4,Old Growth Imperial Stout,8.8,20818
1075,Caldera Brewing Company,1316030136,3.5,3.5,3.5,Beerandraiderfan,American Amber / Red Ale,3.5,3.5,Dry Hop Red,5.7,10786
1075,Caldera Brewing Company,1190326149,4,4,4,mcallister,American Amber / Red Ale,4,4,Dry Hop Red,5.7,10786
1075,Caldera Brewing Company,1174767562,4.5,4.5,4,ccrida,American Amber / Red Ale,4,4.5,Dry Hop Red,5.7,10786
1075,Caldera Brewing Company,1171415576,4,4,4,flexabull,American Amber / Red Ale,4,4,Dry Hop Red,5.7,10786
1075,Caldera Brewing Company,1119304996,4,4,3,Crotor,American Amber / Red Ale,3.5,4,Dry Hop Red,5.7,10786
1075,Caldera Brewing Company,1111803322,4,4,4,unklesyd,American Amber / Red Ale,4.5,4.5,Dry Hop Red,5.7,10786
1075,Caldera Brewing Company,1103510937,4.5,4.5,3.5,RedDiamond,American Amber / Red Ale,4,4,Dry Hop Red,5.7,10786
1075,Caldera Brewing Company,1060927934,4,4.5,4.5,freed,American Amber / Red Ale,4,4,Dry Hop Red,5.7,10786
1075,Caldera Brewing Company,1296524914,4,4,4,inthebeeraisle,American Strong Ale,4,4,Southside Strong,7,10794
1075,Caldera Brewing Company,1259026211,4.5,4,4,ElGordo,Märzen / Oktoberfest,4,4,Caldera Märzen,6.3,54330
1075,Caldera Brewing Company,1313637622,3,3,4,isualum12,American Adjunct Lager,2,3,Lawnmower Lager,3.9,20817
1075,Caldera Brewing Company,1294716177,4,4,4,BeerAdvocate,American Adjunct Lager,4,4,Lawnmower Lager,3.9,20817
1075,Caldera Brewing Company,1284525849,4.5,3,3.5,JohnGalt1,American Adjunct Lager,3.5,3.5,Lawnmower Lager,3.9,20817
1075,Caldera Brewing Company,1281229651,4,3.5,3.5,merlin48,American Adjunct Lager,3.5,3.5,Lawnmower Lager,3.9,20817
1075,Caldera Brewing Company,1279762002,3,3.5,3.5,philbe311,American Adjunct Lager,3,3,Lawnmower Lager,3.9,20817
1075,Caldera Brewing Company,1279679219,3.5,3,3,SpdKilz,American Adjunct Lager,2.5,3,Lawnmower Lager,3.9,20817
1075,Caldera Brewing Company,1278993362,3,3,3,DeanMoriarty,American Adjunct Lager,3,3,Lawnmower Lager,3.9,20817
1075,Caldera Brewing Company,1277081906,4.5,3.5,3.5,zoso1967,American Adjunct Lager,3,3.5,Lawnmower Lager,3.9,20817
1075,Caldera Brewing Company,1275777906,3.5,2.5,3,Halcyondays,American Adjunct Lager,4,3,Lawnmower Lager,3.9,20817
1075,Caldera Brewing Company,1275771652,5,4,4,Wetpaperbag,American Adjunct Lager,4,4.5,Lawnmower Lager,3.9,20817
1075,Caldera Brewing Company,1274579229,2,2.5,2,IronLover,American Adjunct Lager,2.5,2.5,Lawnmower Lager,3.9,20817
1075,Caldera Brewing Company,1270908226,4,3,2,Reidrover,American Adjunct Lager,2.5,3,Lawnmower Lager,3.9,20817
1075,Caldera Brewing Company,1270706342,4.5,3.5,4,Spikester,American Adjunct Lager,3,4,Lawnmower Lager,3.9,20817
1075,Caldera Brewing Company,1267230079,1,1.5,1,kevinmkirk,American Adjunct Lager,1,1,Lawnmower Lager,3.9,20817
1075,Caldera Brewing Company,1324042981,3,3.5,3,notchucknorris,American Blonde Ale,2,3,Caldera Rose Petal (Kettle Series),6.7,61427
1075,Caldera Brewing Company,1296875377,4,4,4,Mora2000,American IPA,4,4,Caldera IPA,6.1,10784
1075,Caldera Brewing Company,1322529598,4,4,4,brianairb85,American Blonde Ale,3.5,4.5,Caldera Rose Petal (Kettle Series),6.7,61427
1075,Caldera Brewing Company,1313491119,1.5,2,3,jmarsh123,American Blonde Ale,2,1.5,Caldera Rose Petal (Kettle Series),6.7,61427
1075,Caldera Brewing Company,1312168951,3,3.5,3.5,BDTyre,American Blonde Ale,3,3.5,Caldera Rose Petal (Kettle Series),6.7,61427
1075,Caldera Brewing Company,1310388796,1.5,1.5,3,TheGordianKnot,American Blonde Ale,2,1.5,Caldera Rose Petal (Kettle Series),6.7,61427
1075,Caldera Brewing Company,1284083587,4,3,4.5,hippityhops85,American Blonde Ale,3,3.5,Caldera Rose Petal (Kettle Series),6.7,61427
1075,Caldera Brewing Company,1282984478,3.5,3.5,3.5,JohnGalt1,American Blonde Ale,3.5,3.5,Caldera Rose Petal (Kettle Series),6.7,61427
1075,Caldera Brewing Company,1297129212,4,4,4,Rutager,American IPA,4,3.5,Caldera IPA,6.1,10784
1075,Caldera Brewing Company,1297105083,4.5,4,4,CHILLINDYLAN,American IPA,4,4,Caldera IPA,6.1,10784
1075,Caldera Brewing Company,1296947627,4.5,4.5,4,beerman207,American IPA,4,4,Caldera IPA,6.1,10784
1075,Caldera Brewing Company,1296620697,3.5,4,4.5,grover37,American IPA,3.5,3.5,Caldera IPA,6.1,10784
1075,Caldera Brewing Company,1296233050,4.5,4.5,4,alabamatie,American IPA,4,4.5,Caldera IPA,6.1,10784
1075,Caldera Brewing Company,1296008402,4.5,4,4,bagpiper2005,American IPA,4,4.5,Caldera IPA,6.1,10784
1075,Caldera Brewing Company,1296005914,4,3.5,4,LukeD23,American IPA,4,4.5,Caldera IPA,6.1,10784
1075,Caldera Brewing Company,1295671770,4,4,4,JayQue,American IPA,4,4,Caldera IPA,6.1,10784
1075,Caldera Brewing Company,1295585824,4,4.5,4.5,PhageLab,American IPA,4,3.5,Caldera IPA,6.1,10784
1075,Caldera Brewing Company,1294974656,5,4,5,lnashsig,American IPA,4,4,Caldera IPA,6.1,10784
1075,Caldera Brewing Company,1294791118,4,4.5,5,mindlucent2007,American IPA,4,5,Caldera IPA,6.1,10784
1075,Caldera Brewing Company,1294539199,4,3.5,4.5,AlCaponeJunior,American IPA,4,4,Caldera IPA,6.1,10784
1075,Caldera Brewing Company,1294305907,4,3,4,corby112,American IPA,3,3,Caldera IPA,6.1,10784
163,Amstel Brouwerij B. V.,1169353199,3,3,3,kww,Euro Pale Lager,3,3,Amstel Bright,5,3386
1075,Caldera Brewing Company,1294116253,4,4,4.5,BEERchitect,American IPA,3.5,3.5,Caldera IPA,6.1,10784
1075,Caldera Brewing Company,1293153465,4,4,4.5,Jayli,American IPA,4,4.5,Caldera IPA,6.1,10784
1075,Caldera Brewing Company,1293123837,3.5,3.5,4,LilBeerDoctor,American IPA,3.5,3.5,Caldera IPA,6.1,10784
1075,Caldera Brewing Company,1293061516,4,4,4,clayrock81,American IPA,4,4,Caldera IPA,6.1,10784
1075,Caldera Brewing Company,1292778811,4,4,4,lstokes,American IPA,3.5,4,Caldera IPA,6.1,10784
1075,Caldera Brewing Company,1292282933,4.5,4,3.5,kylejohnson03,American IPA,4,4.5,Caldera IPA,6.1,10784
1075,Caldera Brewing Company,1291909316,4,4,4,csiewert,American IPA,3.5,3.5,Caldera IPA,6.1,10784
1075,Caldera Brewing Company,1291863248,4,4,4,beerphan,American IPA,4,4,Caldera IPA,6.1,10784
1075,Caldera Brewing Company,1291772007,4.5,4,4,climax,American IPA,4,4.5,Caldera IPA,6.1,10784
1075,Caldera Brewing Company,1280725041,4,3.5,4.5,JTahoe,American IPA,3.5,4,Caldera IPA,6.1,10784
1075,Caldera Brewing Company,1290892378,4.5,4.5,4,JoEBoBpr,American IPA,4,4.5,Caldera IPA,6.1,10784
1075,Caldera Brewing Company,1290186023,3,2.5,4,OWSLEY069,American IPA,3,3,Caldera IPA,6.1,10784
1075,Caldera Brewing Company,1289994167,4,4,5,AEK,American IPA,4,4,Caldera IPA,6.1,10784
1075,Caldera Brewing Company,1289772727,4.5,4,4.5,TheManiacalOne,American IPA,4.5,4.5,Caldera IPA,6.1,10784
1075,Caldera Brewing Company,1289066078,4.5,4,4,awalk1227,American IPA,3.5,4,Caldera IPA,6.1,10784
1075,Caldera Brewing Company,1288747230,4,4,4.5,BuckyFresh,American IPA,4,3.5,Caldera IPA,6.1,10784
1075,Caldera Brewing Company,1288594654,4,4,4,SamuelJackson45,American IPA,4,4.5,Caldera IPA,6.1,10784
1075,Caldera Brewing Company,1288568600,4,4,4.5,djbreezy,American IPA,4,4,Caldera IPA,6.1,10784
1075,Caldera Brewing Company,1288326570,5,4,4.5,wcudwight,American IPA,4.5,4.5,Caldera IPA,6.1,10784
1075,Caldera Brewing Company,1288222917,4,4,4,JoeyBeerBelly,American IPA,4.5,4,Caldera IPA,6.1,10784
1075,Caldera Brewing Company,1237945444,4.5,3.5,4.5,HopDerek,American IPA,4,4,Caldera IPA,6.1,10784
1075,Caldera Brewing Company,1287709770,5,4,4,DeanMoriarty,American IPA,4,4,Caldera IPA,6.1,10784
1075,Caldera Brewing Company,1287274920,4,3.5,4,xnicknj,American IPA,3.5,3.5,Caldera IPA,6.1,10784
1075,Caldera Brewing Company,1286137884,3.5,3.5,3.5,northyorksammy,American IPA,3.5,3.5,Caldera IPA,6.1,10784
1075,Caldera Brewing Company,1285793647,2.5,3.5,3.5,Bfarr,American IPA,4,4,Caldera IPA,6.1,10784
1075,Caldera Brewing Company,1285631508,3.5,2.5,3.5,crossovert,American IPA,3.5,4.5,Caldera IPA,6.1,10784
1075,Caldera Brewing Company,1285543810,4.5,4,4,emmasdad,American IPA,4,4,Caldera IPA,6.1,10784
1075,Caldera Brewing Company,1285394918,3.5,3.5,4,DoubleJ,American IPA,4,3.5,Caldera IPA,6.1,10784
1075,Caldera Brewing Company,1285377193,4.5,4,4.5,Beerenauslese,American IPA,4,4.5,Caldera IPA,6.1,10784
1075,Caldera Brewing Company,1284942580,4,4,4,chumba526,American IPA,4,4.5,Caldera IPA,6.1,10784
1075,Caldera Brewing Company,1284915166,4,4.5,4,merlin48,American IPA,4,4.5,Caldera IPA,6.1,10784
1075,Caldera Brewing Company,1284791160,3.5,3,3.5,htomsirveaux,American IPA,4,3.5,Caldera IPA,6.1,10784
1075,Caldera Brewing Company,1279169746,4.5,3.5,5,BrewsB4Shrews,American IPA,4,4.5,Caldera IPA,6.1,10784
1075,Caldera Brewing Company,1284773313,4,4,4.5,cvaypai,American IPA,3,4.5,Caldera IPA,6.1,10784
1075,Caldera Brewing Company,1284684401,4,4.5,4,elgiacomo,American IPA,3.5,4,Caldera IPA,6.1,10784
1075,Caldera Brewing Company,1284602207,4.5,4.5,4.5,cbak999,American IPA,4,4.5,Caldera IPA,6.1,10784
1075,Caldera Brewing Company,1284314205,4.5,4,4,pigdog,American IPA,4,4,Caldera IPA,6.1,10784
1075,Caldera Brewing Company,1284260105,4.5,3.5,3.5,irishgurl4,American IPA,4,4,Caldera IPA,6.1,10784
1075,Caldera Brewing Company,1284237564,4,4,4,barleywinefiend,American IPA,3.5,3.5,Caldera IPA,6.1,10784
1075,Caldera Brewing Company,1283221299,4,4,4,charmcityboh,American IPA,3.5,4,Caldera IPA,6.1,10784
1075,Caldera Brewing Company,1282776701,4,4,4,seedsofchaos,American IPA,4,4,Caldera IPA,6.1,10784
1075,Caldera Brewing Company,1278974127,3.5,4.5,4,Beerandraiderfan,American IPA,4,4,Caldera IPA,6.1,10784
1454,Broad Ripple Brew Pub,1262208997,4,3.5,4,JamesS,English Brown Ale,3.5,3.5,Nut Brown,4.7,55097
1075,Caldera Brewing Company,1282437399,4,4,4,Ryan011235,American IPA,4.5,4,Caldera IPA,6.1,10784
1075,Caldera Brewing Company,1282425919,5,4,4,samie85,American IPA,4.5,4,Caldera IPA,6.1,10784
1075,Caldera Brewing Company,1282359216,4.5,4,3.5,StaveHooks,American IPA,3.5,4,Caldera IPA,6.1,10784
1075,Caldera Brewing Company,1281981701,4,4,4,Brent,American IPA,4,4,Caldera IPA,6.1,10784
1075,Caldera Brewing Company,1281829729,4,4,4,thecarster1,American IPA,4,4,Caldera IPA,6.1,10784
1075,Caldera Brewing Company,1281560681,4.5,4,3.5,GarrettMD,American IPA,4,5,Caldera IPA,6.1,10784
1075,Caldera Brewing Company,1281058518,4,3.5,4,leedorham,American IPA,3.5,3.5,Caldera IPA,6.1,10784
1075,Caldera Brewing Company,1281054838,4,4.5,4,hawks10,American IPA,4,3.5,Caldera IPA,6.1,10784
1075,Caldera Brewing Company,1280985927,4,4,5,Bubba83,American IPA,4.5,4,Caldera IPA,6.1,10784
850,Moon River Brewing Company,1141751953,3.5,3.5,3,Jredner,American Porter,3.5,3.5,The Captain's Porter,6,2780
1075,Caldera Brewing Company,1280541063,5,4,4.5,JohnQVegas,American IPA,4.5,5,Caldera IPA,6.1,10784
1075,Caldera Brewing Company,1280121771,3,3,4,philbertk,American IPA,3,2.5,Caldera IPA,6.1,10784
1075,Caldera Brewing Company,1279927381,4,3.5,4,sliverX,American IPA,4,4.5,Caldera IPA,6.1,10784
1075,Caldera Brewing Company,1279656760,4.5,4,4,bump8628,American IPA,4,4,Caldera IPA,6.1,10784
1075,Caldera Brewing Company,1279590609,4.5,5,4.5,bridgetowhophead,American IPA,4,4,Caldera IPA,6.1,10784
1075,Caldera Brewing Company,1279588546,4.5,4,4.5,TheHungryHiker,American IPA,4,4.5,Caldera IPA,6.1,10784
1075,Caldera Brewing Company,1279487880,4.5,4,4,nc41,American IPA,4.5,4.5,Caldera IPA,6.1,10784
1075,Caldera Brewing Company,1279374127,4.5,4.5,4.5,btorsdog,American IPA,4,4.5,Caldera IPA,6.1,10784
1075,Caldera Brewing Company,1278972867,4,3.5,4,jzeilinger,American IPA,4,4,Caldera IPA,6.1,10784
1075,Caldera Brewing Company,1278684178,3.5,4,4,BlackHaddock,American IPA,4,3.5,Caldera IPA,6.1,10784
1075,Caldera Brewing Company,1278630893,4,4,4,gatornation,American IPA,3.5,4,Caldera IPA,6.1,10784
1075,Caldera Brewing Company,1278462382,4,4,4,BeerAdvocate,American IPA,4,4,Caldera IPA,6.1,10784
1075,Caldera Brewing Company,1278378015,3,3,3,beertunes,American IPA,3,3,Caldera IPA,6.1,10784
1075,Caldera Brewing Company,1278312943,4,4,4,squaremile,American IPA,4,4,Caldera IPA,6.1,10784
1075,Caldera Brewing Company,1278093529,4,3.5,4,mikereaser,American IPA,4,4,Caldera IPA,6.1,10784
1075,Caldera Brewing Company,1278016964,4,3.5,3,thagr81us,American IPA,4,3.5,Caldera IPA,6.1,10784
1075,Caldera Brewing Company,1277424439,4.5,4.5,4,brauseboof,American IPA,4.5,4.5,Caldera IPA,6.1,10784
1075,Caldera Brewing Company,1275409131,4.5,4.5,4.5,BigMike,American IPA,4,4,Caldera IPA,6.1,10784
1075,Caldera Brewing Company,1277347253,4.5,4.5,3.5,trevorjn06,American IPA,4.5,4.5,Caldera IPA,6.1,10784
1075,Caldera Brewing Company,1277329335,4,4.5,4.5,therica,American IPA,4.5,4.5,Caldera IPA,6.1,10784
1075,Caldera Brewing Company,1277327337,4.5,4,4.5,zoso1967,American IPA,4,3.5,Caldera IPA,6.1,10784
1075,Caldera Brewing Company,1277179754,4,4,3.5,WYVYRN527,American IPA,4,4.5,Caldera IPA,6.1,10784
1075,Caldera Brewing Company,1277173332,3.5,3.5,4,barleywinefiend,American IPA,3.5,3.5,Caldera IPA,6.1,10784
1075,Caldera Brewing Company,1276830747,4,4,3.5,kiddynamite920,American IPA,3.5,4,Caldera IPA,6.1,10784
1075,Caldera Brewing Company,1276327213,4.5,4.5,4.5,olmatty,American IPA,4,5,Caldera IPA,6.1,10784
1075,Caldera Brewing Company,1275512166,4,4.5,4.5,scottyshades,American IPA,4.5,4,Caldera IPA,6.1,10784
850,Moon River Brewing Company,1110736110,3.5,4,4.5,cMonkey,Scotch Ale / Wee Heavy,3.5,3.5,The Highland Stagger,,20689
1075,Caldera Brewing Company,1275388099,5,5,4.5,Freethyhops,American IPA,3.5,4.5,Caldera IPA,6.1,10784
1075,Caldera Brewing Company,1274584909,5,5,4.5,wolfinthemirror,American IPA,4.5,4.5,Caldera IPA,6.1,10784
1075,Caldera Brewing Company,1274110682,3.5,2.5,3.5,ktrillionaire,American IPA,4,4,Caldera IPA,6.1,10784
1075,Caldera Brewing Company,1274064984,4.5,4.5,4,oregonskibum,American IPA,4,4,Caldera IPA,6.1,10784
1075,Caldera Brewing Company,1273843947,4.5,4.5,4,thain709,American IPA,4,4,Caldera IPA,6.1,10784
1075,Caldera Brewing Company,1273809063,3.5,4,4,kkipple,American IPA,3.5,4,Caldera IPA,6.1,10784
1075,Caldera Brewing Company,1273711585,4,4,4,gatorbreath,American IPA,4,4.5,Caldera IPA,6.1,10784
1075,Caldera Brewing Company,1273617448,4,3.5,4,branimal9,American IPA,3.5,4,Caldera IPA,6.1,10784
1075,Caldera Brewing Company,1272135863,4.5,4,4.5,cdizinno,American IPA,5,5,Caldera IPA,6.1,10784
1075,Caldera Brewing Company,1326249924,4.5,4,5,MacQ32,American IPA,4,4.5,Caldera IPA,6.1,10784
1075,Caldera Brewing Company,1326238002,4,4.5,4.5,beerdedking,American IPA,3.5,4.5,Caldera IPA,6.1,10784
1075,Caldera Brewing Company,1326032536,3.5,3.5,4,Finatic,American IPA,3.5,3.5,Caldera IPA,6.1,10784
1075,Caldera Brewing Company,1325980456,5,5,5,vicsju1991,American IPA,5,5,Caldera IPA,6.1,10784
1075,Caldera Brewing Company,1325657658,4,4,4.5,dbossman,American IPA,4,4,Caldera IPA,6.1,10784
1075,Caldera Brewing Company,1325477658,3.5,3.5,4,HOPPYKC,American IPA,4,3.5,Caldera IPA,6.1,10784
1075,Caldera Brewing Company,1325383668,4,3.5,4,TheFightfan1,American IPA,4,4,Caldera IPA,6.1,10784
1075,Caldera Brewing Company,1324936267,4.5,3.5,3,drewba,American IPA,4,4,Caldera IPA,6.1,10784
850,Moon River Brewing Company,1049739266,4,4.5,3.5,EricP,American IPA,4,4,Swamp Fox IPA,5.8,2725
1075,Caldera Brewing Company,1324173764,5,5,4,IPAguy2009,American IPA,4,4.5,Caldera IPA,6.1,10784
1075,Caldera Brewing Company,1272067521,4.5,4.5,4,Tilley4,American IPA,4.5,4,Caldera IPA,6.1,10784
1075,Caldera Brewing Company,1271892680,4.5,4.5,4,AlexJ,American IPA,4,4.5,Caldera IPA,6.1,10784
1075,Caldera Brewing Company,1271509638,4.5,4,4.5,avalon07,American IPA,4.5,4,Caldera IPA,6.1,10784
1075,Caldera Brewing Company,1271296509,4,4,4,jpro,American IPA,3.5,3.5,Caldera IPA,6.1,10784
1075,Caldera Brewing Company,1270956549,4,3,4.5,mdcrouser,American IPA,3.5,4,Caldera IPA,6.1,10784
1075,Caldera Brewing Company,1270492948,4.5,4,4,kylehayworth,American IPA,4,4.5,Caldera IPA,6.1,10784
1075,Caldera Brewing Company,1269892519,4,4,4,Kadonny,American IPA,4,4,Caldera IPA,6.1,10784
1075,Caldera Brewing Company,1269642122,4,4,4,RomaniIteDomum,American IPA,4.5,4,Caldera IPA,6.1,10784
1075,Caldera Brewing Company,1269174802,4,4,4,indiapaleale,American IPA,4,4,Caldera IPA,6.1,10784
1075,Caldera Brewing Company,1268775804,4,4,4.5,armock,American IPA,4,4,Caldera IPA,6.1,10784
1075,Caldera Brewing Company,1268743762,4.5,4.5,3.5,Cresant,American IPA,4,4.5,Caldera IPA,6.1,10784
1075,Caldera Brewing Company,1268596419,4,4.5,4,biggred1,American IPA,4,4.5,Caldera IPA,6.1,10784
1075,Caldera Brewing Company,1268415775,1,4,4,ShadesOfGray,American IPA,2,2,Caldera IPA,6.1,10784
1075,Caldera Brewing Company,1268007672,3.5,4,4,jlindros,American IPA,4,4,Caldera IPA,6.1,10784
1075,Caldera Brewing Company,1267929272,4.5,4,4.5,Casey10,American IPA,4.5,4,Caldera IPA,6.1,10784
1075,Caldera Brewing Company,1267313530,4.5,4,4,WesWes,American IPA,4,4.5,Caldera IPA,6.1,10784
1075,Caldera Brewing Company,1266947297,4,3.5,3.5,PeteVenkman,American IPA,3.5,3.5,Caldera IPA,6.1,10784
1075,Caldera Brewing Company,1266787279,4,4,4,callmemickey,American IPA,4,4,Caldera IPA,6.1,10784
1075,Caldera Brewing Company,1266701805,4,4,5,hoppyhobby,American IPA,4,4.5,Caldera IPA,6.1,10784
1075,Caldera Brewing Company,1266459012,4,4.5,4,Philabeerphia,American IPA,4.5,4,Caldera IPA,6.1,10784
1075,Caldera Brewing Company,1266388888,4,3.5,4,ClockworkOrange,American IPA,4,3.5,Caldera IPA,6.1,10784
1075,Caldera Brewing Company,1266388534,4,4,4.5,iasanlee,American IPA,4,4,Caldera IPA,6.1,10784
1075,Caldera Brewing Company,1266363163,4,3.5,3.5,MURF0320,American IPA,4,4,Caldera IPA,6.1,10784
1075,Caldera Brewing Company,1266284114,3,2.5,4.5,organicbrewer,American IPA,3.5,3,Caldera IPA,6.1,10784
1075,Caldera Brewing Company,1265786262,4.5,4,4,onix1agr,American IPA,4,4,Caldera IPA,6.1,10784
1075,Caldera Brewing Company,1265676399,4,3,4,SpeedwayJim,American IPA,4,3.5,Caldera IPA,6.1,10784
1075,Caldera Brewing Company,1259454988,4.5,3,4,raverjames,American IPA,4.5,4.5,Caldera IPA,6.1,10784
1075,Caldera Brewing Company,1265225199,4,3.5,4,Lunch,American IPA,3.5,4,Caldera IPA,6.1,10784
1075,Caldera Brewing Company,1262920359,4.5,4,4,bamadog,American IPA,4,4,Caldera IPA,6.1,10784
1075,Caldera Brewing Company,1262403473,4.5,3.5,4.5,augustgarage,American IPA,4,4,Caldera IPA,6.1,10784
1075,Caldera Brewing Company,1262314296,4.5,4.5,4.5,jwc215,American IPA,4,4,Caldera IPA,6.1,10784
1075,Caldera Brewing Company,1261805236,4.5,4,5,dedrinker,American IPA,4,4.5,Caldera IPA,6.1,10784
1075,Caldera Brewing Company,1261454050,5,4.5,4,Gyle41386,American IPA,4,4,Caldera IPA,6.1,10784
1075,Caldera Brewing Company,1261448306,4,4,4.5,ShogoKawada,American IPA,4.5,4,Caldera IPA,6.1,10784
1075,Caldera Brewing Company,1259219882,4,3.5,3.5,JohnGalt1,American IPA,3.5,3.5,Caldera IPA,6.1,10784
1075,Caldera Brewing Company,1261356086,4,3.5,3.5,alleykatking,American IPA,4,3.5,Caldera IPA,6.1,10784
1075,Caldera Brewing Company,1261108959,4,4,4.5,berebrando,American IPA,4.5,3.5,Caldera IPA,6.1,10784
1075,Caldera Brewing Company,1260945337,3.5,3.5,4,Overlord,American IPA,3.5,3.5,Caldera IPA,6.1,10784
1075,Caldera Brewing Company,1260766595,4.5,4,4.5,RedBrewer83,American IPA,4,4,Caldera IPA,6.1,10784
1075,Caldera Brewing Company,1260411055,4.5,5,4.5,womencantsail,American IPA,3.5,4.5,Caldera IPA,6.1,10784
1075,Caldera Brewing Company,1260255554,4,4.5,4.5,slayer3604,American IPA,4,4,Caldera IPA,6.1,10784
1075,Caldera Brewing Company,1260051904,4.5,5,4,jctribe25,American IPA,4.5,4.5,Caldera IPA,6.1,10784
1075,Caldera Brewing Company,1259630725,3.5,3.5,4,hooliganlife,American IPA,4.5,4,Caldera IPA,6.1,10784
1075,Caldera Brewing Company,1227450368,4.5,4.5,4,DrDogbeer,American IPA,4.5,4.5,Caldera IPA,6.1,10784
1075,Caldera Brewing Company,1259109381,4,3.5,4,kels,American IPA,4,3.5,Caldera IPA,6.1,10784
1075,Caldera Brewing Company,1259047445,3.5,3.5,4,callmescraps,American IPA,3.5,3,Caldera IPA,6.1,10784
1075,Caldera Brewing Company,1258906716,5,5,4,woodychandler,American IPA,4,5,Caldera IPA,6.1,10784
1075,Caldera Brewing Company,1258846778,4,4,4,Primitivechef,American IPA,4,4,Caldera IPA,6.1,10784
1075,Caldera Brewing Company,1258127478,4.5,3.5,4,BevMoAndrew,American IPA,3.5,3.5,Caldera IPA,6.1,10784
1075,Caldera Brewing Company,1256962406,3.5,4,4.5,mugglesandhops,American IPA,4,3,Caldera IPA,6.1,10784
